Genome dumps	ENSCOMPARASW-1578
Species-tree	ENSCOMPARASW-1527
EPO Fish	ENSCOMPARASW-1572
EPO Mammals	ENSCOMPARASW-1533
EPO Sauropsids	NOT_RUN
Mercator Pecan	ENSCOMPARASW-1536
EPO Primates	ENSCOMPARASW-1535
EPO-2X Mammals	ENSCOMPARASW-1534
EPO-2X Fish	ENSCOMPARASW-1573
EPO-2X Sauropsids	NOT_RUN
EPO-2X Primates	NOT_RUN
Age of Base	NOT_RUN
Member loading	ENSCOMPARASW-1526
Protein-trees - default	ENSCOMPARASW-1529
ncRNA-trees - default	ENSCOMPARASW-1530
Families - default	ENSCOMPARASW-1528
Gene-tree reindexing - murinae	ENSCOMPARASW-1576
Protein-trees WGA Orthology QC	ENSCOMPARASW-1579
ncRNA-trees WGA Orthology QC	ENSCOMPARASW-1580
Protein-trees - murinae	ENSCOMPARASW-1532
ncRNA-trees - murinae	ENSCOMPARASW-1531
All LastZ	ENSCOMPARASW-1581
All alignments for WGA Orthology QC	ENSCOMPARASW-1585
